NUMBER	ENGLISH	PORTUGUESE	SEMANTIC_FIELD	CONCEPTICON_ID	CONCEPTICON_GLOSS	EOL
1	ABOVE	EM CIMA (DE)	SPATIAL_RELATIONS	1741	ABOVE	
2	AFTER	DEPOIS (DE)	SPATIAL_RELATIONS	1685	AFTER	
3	AGOUTI	CUTIA	ANIMALS	313	AGOUTI	42029
4	ALL	TODOS / TUDO	QUANTITY	98	ALL	
5	ALONE	SÓ / SOZINHO	QUANTITY	1964	ALONE	
6	ANACONDA	SUCURI	ANIMALS	896	ANACONDA (WATER BOA)	794661
7	ANATTO	URUCU	AGRICULTURE_AND_VEGETATION			584439
8	ANT	FORMIGA	ANIMALS	587	ANT	
9	ANTEATER	TAMANDUÁ	ANIMALS	181	ANTEATER	1661
10	MOUNTAIN SOURSOP	ARATICUM / JACA DE POBRE	FOOD_AND_DRINK			1054865
11	ARM	BRAÇO	BODY	1673	ARM	
12	ARMADILLO	TATU	ANIMALS	1885	ARMADILLO	
13	ARRIVE	CHEGAR	MOTION	1387	ARRIVE	
14	ARROW	FLECHA	WARFARE_AND_HUNTING	977	ARROW	
15	ASHES	CINZA (S)	PHYSICAL_WORLD	646	ASH	
16	AVENGE	VINGAR (-SE)	EMOTIONS_AND_VALUES	495	REVENGE	
17	AXE	MACHADO	WARFARE_AND_HUNTING	677	AXE	
18	AÇAÍ PALM	AÇAÍ	AGRICULTURE_AND_VEGETATION	2437	ACAI PALM	1100375
19	BACK	COSTAS	BODY	1291	BACK	
20	BABAÇU	BABAÇU	AGRICULTURE_AND_VEGETATION			1131651
21	BAD / EVIL	MAU / MAL / RUIM	EMOTIONS_AND_VALUES	3764	BAD OR EVIL	
22	BAMBOO	TAQUARA / BAMBU	AGRICULTURE_AND_VEGETATION	1827	HARVEST CROPS	
23	BANANA	BANANA	FOOD_AND_DRINK	868	BANANA	44527
24	BASKET	CESTO / CESTA	BASIC_ACTIONS_AND_TECHNOLOGY	1539	BASKET	
25	BAT	MORCEGO	ANIMALS	1793	BAT	7631
26	BATHE	BANHAR-SE	BODY	138	BATHE	
27	BEADS	MIÇANGAS / CONTAS	CLOTHING_AND_GROOMING	1860	BEAD	
28	BE HUNGRY	TER FOME	BODY	1533	BE HUNGRY	
29	BE WRONG	ERRAR / ESTAR ERRADO	EMOTIONS_AND_VALUES	1390	WRONG	
30	BEANS	FEIJÃO	FOOD_AND_DRINK	2574	BEAN OR PEA	4277
31	BEARD	BARBA	BODY	678	BEARD	
32	BEAUTIFUL	BONITO	EMOTIONS_AND_VALUES	1427	BEAUTIFUL	
33	BEE	ABELHA	ANIMALS	665	BEE	
34	BELLY	UMBIGO	BODY	1251	BELLY	
35	BELLYBUTTON	UMBIGO	BODY	3715	BELLYBUTTON	
36	BELOW	EM BAIXO DE / ABAIXO	SPATIAL_RELATIONS	1485	BELOW OR UNDER	
37	BENCH	BANCO	BASIC_ACTIONS_AND_TECHNOLOGY	2584	BENCH	
38	BIG	GRANDE	SPATIAL_RELATIONS	1202	BIG	
39	BIRD	PÁSSARO	ANIMALS	937	BIRD	
40	BITE	MORDER	BODY	1403	BITE	
41	BLACK	PRETO	SENSE_PERCEPTION	163	BLACK	
42	BLOOD	SANGUE	BODY	946	BLOOD	
43	BLOW	SOPRAR	MOTION	176	BLOW (WITH MOUTH)	
44	BLUE	AZUL	SENSE_PERCEPTION	837	BLUE	
45	BODY	CORPO	BODY	1480	BODY	
46	BONE	OSSO	BODY	1394	BONE	
47	BOW	ARCO	WARFARE_AND_HUNTING	994	BOW	
48	BOY	MENINO	KINSHIP	1366	BOY	
49	BRANCH	GALHO	AGRICULTURE_AND_VEGETATION	1531	BRANCH	
50	BRAZIL NUT	CASTANHA DO PARÁ	FOOD_AND_DRINK			321258
51	BREAK	QUEBRAR / ROMPER	BASIC_ACTIONS_AND_TECHNOLOGY	3020	BREAK (BREAKING)	
52	BREAST	SEIO	BODY	1402	BREAST	
53	BREATHE	RESPIRAR	BODY	1407	BREATHE	
54	BROTHER	IRMÃO	KINSHIP	1262	BROTHER	
55	BROTHER, younger of man	IRMÃO	KINSHIP			
56	BROTHER, older of man	IRMÃO	KINSHIP			
57	BROTHER, younger of woman	IRMÃO	KINSHIP			
58	BROTHER, older of woman	IRMÃO	KINSHIP			
59	BURN (intr)	QUEIMAR	PHYSICAL_WORLD	2102	BURN	
60	BURN (tr)	QUEIMAR	PHYSICAL_WORLD	141	BURN (SOMETHING)	
61	BURY	ENTERRAR	BODY	1719	BURY	
62	BUTTOCKS	NÁDEGAS	BODY	834	BUTTOCKS	
63	SLASH / GARDEN	ROÇA	AGRICULTURE_AND_VEGETATION	201	FARM	
64	BUTTERFLY	BORBOLETA	ANIMALS	1791	BUTTERFLY	854
65	CALABASH / GOURD	CABAÇA, CUIA	AGRICULTURE_AND_VEGETATION	411	GOURD	578228
66	CANOE	CANOA	MOTION	1970	CANOE	
67	CAPUCHIN MONKEY	MACACO PREGO	ANIMALS			28561340
68	CAPYBARA	CAPIVARA	ANIMALS	314	CAPYBARA	326517
69	CARÁ ROOT / YAM	INHAME	AGRICULTURE_AND_VEGETATION	410	YAM	8214
70	(Brazilian) CEDAR	ACAIACÁ / CEDRO-BATATA	AGRICULTURE_AND_VEGETATION			6953697
71	CENTIPEDE	CENTOPEIA / LACRAIA	ANIMALS	1974	CENTIPEDE	576
72	CHICHA	CHICHA	FOOD_AND_DRINK	441	CHICHA	
73	CHIEF / MASTER / OWNER	CHEFE / CACIQUE	SOCIAL_AND_POLITICAL_RELATIONS	2394	CHIEF	
74	CASHEW	CAJU	FOOD_AND_DRINK	2441	CASHEW	71147
75	CHILD	CRIANÇA	KINSHIP	2099	CHILD	
76	CICADA	CIGARRA	ANIMALS	2353	CICADA	2645413
77	CLAW	GARRA	BODY	2128	CLAW OR NAIL	
78	MUD	BARRO / ARGILA	BASIC_ACTIONS_AND_TECHNOLOGY / THE_PHYSICAL_WORLD	640	MUD	
79	CLOUD	NUVEM	PHYSICAL_WORLD	1489	CLOUD	
80	COATI	QUATI	ANIMALS	2389	COATI (COATIMUNDI)	328601
81	COCKROACH	BARATA	ANIMALS	1575	COCKROACH	413
82	COCOA	CACAU	AGRICULTURE_AND_VEGETATION	2442	COCOA BEAN	484592
83	COLD	FRIO	SENSE_PERCEPTION	1287	COLD	
84	COME	VIR	MOTION	1446	COME	
85	COMB	PENTE	CLOTHING_AND_GROOMING	1475	COMB	
86	CORN / MAIZE	MILHO	AGRICULTURE_AND_VEGETATION	3686	CORN HUSK	1115259
87	COTTON	ALGODÃO	CLOTHING_AND_GROOMING	1850	COTTON	47124114
88	CRAB	CARANGUEIJO	ANIMALS	2348	CRAB	
89	CRICKET (zool)	GRILO	ANIMALS	2354	CRICKET	996
90	CRY	CHORAR	EMOTIONS_AND_VALUES	1839	CRY	
91	CURASSOW	MUTUM	ANIMALS	315	CURASSOW	45512062
92	CUT	CORTAR	BASIC_ACTIONS_AND_TECHNOLOGY	1432	CUT	
93	DANCE	DANÇAR	MOTION	1579	BE	
94	DAUGHTER OF WOMAN	FILHA DE MULHER	KINSHIP	1357	DAUGHTER	
95	DAUGHTER OF MAN	FILHA DE HOMEM	KINSHIP	1357	DAUGHTER	
96	DAY	DIA	TIME	1260	DAY (24 HOURS)	
97	DEER	VEADO	ANIMALS	1936	DEER	
98	DEFECATE	DEFECAR	BODY	676	SHIT (DEFECATE)	
99	DIE	MORRER	BODY	1494	DIE	
100	DIG	CAVAR	AGRICULTURE_AND_VEGETATION	1418	DIG	
101	DIGGING STICK	VARA DE ESCAVAÇÃO	AGRICULTURE_AND_VEGETATION	339	DIGGING STICK	
102	DIRTY	SUJO	SENSE_PERCEPTION	1230	DIRTY	
103	DO / MAKE	FAZER	BASIC_ACTIONS_AND_TECHNOLOGY	813	DO	
104	DOG	CACHORRO / CÃO	ANIMALS	2009	DOG	
105	DOOR	PORTA	THE_HOUSE	1567	DOOR	
106	DRAW / PAINT	PINTAR / DESENHAR	BASIC_ACTIONS_AND_TECHNOLOGY	3122	PAINT (SOMETHING)	
107	DREAM	SONHO / SONHAR	BODY	2374	DREAM	
108	DREAM (verb)	SONHAR	BODY	1920	DREAM (SOMETHING)	
109	DRESS UP	VESTIR (-SE)	CLOTHING_AND_GROOMING	814	DRESS UP	
110	DRINK (v)	BEBER	FOOD_AND_DRINK	1401	DRINK	
111	DRY	SECAR	BASIC_ACTIONS_AND_TECHNOLOGY	1786	DRY UP	
112	DRY (state)	SECO	SENSEÏ_PERCEPTION	1398	DRY	
113	EARTH / LAND	TERRA / PAÍS	PHYSICAL_WORLD	3603	EARTH OR LAND	
114	EAR	ORELHA	BODY	1247	EAR	
115	EAT (intr.)	COMER	FOOD_AND_DRINK	1336	EAT	
116	EAT (tr.)	COMER	FOOD_AND_DRINK	1336	EAT	
117	EGG	OVO	FOOD_AND_DRINK	744	EGG	
118	CECROPIA	EMBAÚBA / IMBAÚBA	AGRICULTURE_AND_VEGETATION			61334
119	ELECTRIC EEL	ENGUIA / PEIXE ELÉTRICO / PORAQUÊ	ANIMALS	2443	ELECTRIC EEL	206595
120	ENTER	ENTRAR	MOTION	749	ENTER	
121	EYE	OLHO	BODY	1248	EYE	
122	FACE	CARA / ROSTO / FACE	BODY	1560	FACE	
123	FALL	CAIR	MOTION	1280	FALL	
124	FAR	LONGE	SPATIAL_RELATIONS	1406	FAR	
125	FAT / GREASE	GORDURA / BANHA	FOOD_AND_DRINK	1282	FAT (FROM ANIMALS)	
126	FATHER	PAI	KINSHIP	1217	FATHER	
127	FEAR / BE AFRAID	TEMER / TER MEDO	EMOTIONS_AND_VALUES	1419	FEAR (BE AFRAID)	
128	FEATHER	PENA / PLUMA	BODY	1201	FEATHER	
129	FINGER	DEDO	BODY	1303	FINGER	
130	FIRE	FOGO	PHYSICAL_WORLD	221	FIRE	
131	FIREFLY / GLOWWORM	VAGALUME / PIRILAMPO	ANIMALS	206	FIREFLY	7487
132	FIREWOOD	LENHA	PHYSICAL_WORLD	10	FIREWOOD	
133	FISH	PEIXE	ANIMALS	227	FISH	
134	FISHHOOK	ANZOL	WARFARE_AND_HUNTING	1074	FISHHOOK	
135	FLAT	PLANO / LISO	SPATIAL_RELATIONS	1633	FLAT	
136	FLEA / CHIGGER	PULGA	ANIMALS	232	FLEA	3197988
137	FLESH / MEAT	CARNE	FOOD_AND_DRINK	2615	FLESH OR MEAT	
138	FLOAT	BOIAR	MOTION	1574	FLOAT	
139	FLOUR	FARINHA	FOOD_AND_DRINK	1594	FLOUR	
140	FLOWER	FLOR	AGRICULTURE_AND_VEGETATION	239	FLOWER	
141	FLY	VOAR	MOTION	1441	FLY (MOVE THROUGH AIR)	
142	FLY (insect)	MOSCA	ANIMALS	1504	FLY (INSECT)	421
143	FOOD	COMIDA	FOOD_AND_DRINK	256	FOOD	
144	FOOT	PÉ	BODY	1301	FOOT	
145	FORGET	ESQUECER	COGNITION	1523	FORGET	
146	FOUR	QUATRO	QUANTITY	1500	FOUR	
147	FROG / TOAD	SAPO	ANIMALS	503	FROG	1553
148	FRUIT	FRUTA	FOOD_AND_DRINK	1507	FRUIT	
149	FULL	CHEIO	QUANTITY	1429	FULL	
150	GATHER	(A)JUNTAR / RECOLHER	SPATIAL_RELATIONS	7	GATHER	
151	GENIPA	JENIPAPO / GENIPA	AGRICULTURE_AND_VEGETATION			23769802
152	GIRL	MENINA	KINSHIP	1646	GIRL	
153	GIVE	DAR	POSSESSION	1447	GIVE	
154	GNAT / PIUM	PERNILONGO / MURIÇOCA / MOSQUITO	ANIMALS			49316918
155	GO	IR	MOTION	695	GO	
156	GO UP	SUBIR	MOTION	705	GO UP (ASCEND)	
157	GOOD / WELL	BOM / BEM	EMOTIONS_AND_VALUES	1035	GOOD	
158	GRANDFATHER	AVÔ	KINSHIP	1383	GRANDFATHER	
159	GRASS	GRAMA	AGRICULTURE_AND_VEGETATION	606	GRASS	
160	GREEN	VERDE	SENSE_PERCEPTION	1425	GREEN	
161	GROW	CRESCER	SPATIAL_RELATIONS	479	GROW	
162	GREEN IGUANA	CAMALEÃO	ANIMALS	1578	IGUANA	793235
163	GUAN / JACU	JACÚ	ANIMALS	437	GUAN	45508953
164	HAIR	CABELO	BODY	2648	HAIR (HEAD)	
165	HAMMOCK	REDE	HOUSE	2019	HAMMOCK	
166	HAND	MÃO	BODY	1277	HAND	
167	HAPPY	FELIZ / CONTENTE	EMOTIONS_AND_VALUES	1495	HAPPY	
168	HAWK	GAVIÃO	ANIMALS	307	HAWK	
169	HEAD	CABEÇA	BODY	1256	HEAD	
170	HEAL	CURAR / SARAR	BODY	499	CURE	
171	HEAR	ESCUTAR / OUVIR	SENSE_PERCEPTION	1408	HEAR	
172	HEART	CORAÇÃO	BODY	1223	HEART	
173	HEAVY	PESADO	SENSE_PERCEPTION	1210	HEAVY	
174	HEDGEHOG	OURIÇO / PORCO-ESPINHO	ANIMALS	1797	HEDGEHOG	327162
175	HELP	AJUDAR	SOCIAL_AND_POLITICAL_RELATIONS	1897	HELP	
176	HEN / CHICKEN	GALINHA	ANIMALS	1318	CHICKEN	49953003
177	HERE	AQUI	MISCELLANEOUS_FUNCTION_WORDS	136	HERE	
178	HIDE	ESCONDER	SPATIAL_RELATIONS	2486	HIDE	
179	HIT	BATER	BASIC_ACTIONS_AND_TECHNOLOGY	1433	HIT	
180	HOLE	BURACO	SPATIAL_RELATIONS	1667	HOLE	
181	HONEY	MEL	FOOD_AND_DRINK	942	HONEY	
182	HORN	CHIFRE	BODY	1393	HORN (ANATOMY)	
183	HOT	QUENTE	SENSE_PERCEPTION	1286	HOT	
184	HOUSE	CASA	HOUSE	1252	HOUSE	
185	HOWLER MONKEY	(MACACO)BUGIO / GUARIBA	ANIMALS	433	HOWLER MONKEY	41553
186	HUMMINGBIRD	BEIJA-FLOR / COLIBRI	ANIMALS	1589	HUMMINGBIRD	8021
187	HUNT	CAÇAR	WARFARE_AND_HUNTING	1435	HUNT	
188	HUSBAND	MARIDO	KINSHIP	1200	HUSBAND	
189	I	EU	MISCELLANEOUS_FUNCTION_WORDS	1209	I	
190	INGA	INGÁ	FOOD_AND_DRINK			47114559
191	INSIDE	DENTRO (DE)	FUNCTION_WORD	1606	INSIDE	
192	JACARÉ / CAIMAN / CROCODILE	JACARÉ	ANIMALS	1857	CROCODILE	2820255
193	JAGUAR	ONÇA	ANIMALS	1250	JAGUAR	328606
194	JUMP	SALTAR	MOTION	1829	JUMP	
195	KILL	MATAR	BODY	1417	KILL	
196	KING FISHER	GUARDA-RIOS / MARTIM-PESCADOR	ANIMALS			7975
197	KNEE	JOELHO	BODY	1371	KNEE	
198	KNIFE	FACA	BASIC_ACTIONS_AND_TECHNOLOGY	1352	KNIFE	
199	KNOW	SABER	COGNITION	3626	KNOW	
200	LAKE	LAGO / LAGOA	PHYSICAL_WORLD	624	LAKE	
201	LARGE ANT / BULLET ANT	TOCANDIRA / TUCANDEIRA	ANIMALS			403327
202	LARGE MANDI FISH	BAGRE / MANDI / SURUBIM-BAGRE	ANIMALS			46582210
203	LAUGH	RIR	EMOTIONS_AND_VALUES	1355	LAUGH	
204	LEAF	FOLHA	AGRICULTURE_AND_VEGETATION	628	LEAF	
205	LEARN	APRENDER	COGNITION	504	LEARN	
206	LEAVE / GO OUT	SAIR	MOTION	1752	LEAVE	
207	LEG	PERNA	BODY	1297	LEG	
208	LIE (down)	DEITAR (-SE)	SPATIAL_RELATIONS	2071	LAY (VERB)	
209	LIVER	FÍGADO	BODY	1224	LIVER	
210	LIZARD	LAGARTO / CALANGO	ANIMALS	632	LIZARD	
211	LONG	COMPRIDO / LONGO / ALTO	SPATIAL_RELATIONS	1203	LONG	
212	LOOK AT	OLHAR	SENSE_PERCEPTION	1819	LOOK	
213	GETLOST / LOOSEoneS	PERDER-SE	SENSE_PERCEPTION	423	GET LOST	
214	LOUSE	PIOLHO	ANIMALS	1392	LOUSE	1002
215	BLUE YELLOW MACAW	ARARA	ANIMALS	1630	MACAW	45510823
216	MACAW	ARARA	ANIMALS	1630	MACAW	45510823
217	MAGGOT / LARVA	LARVA	ANIMALS	2640	LARVA	
218	MAN	HOMEM	KINSHIP	1554	MAN	
219	MANIOC	MADIOCA / MACAXEIRA / AIPIM	AGRICULTURE_AND_VEGETATION	927	MANIOC	1154718
220	MANY	MUITOS	QUANTITY	1198	MANY	
221	MEDICINE	REMÉDIO	BODY	1372	MEDICINE	
222	MILK	LEITE	FOOD_AND_DRINK	635	MILK	
223	MONKEY	MACACO	ANIMALS	1350	MONKEY	
224	MOON	LUA	PHYSICAL_WORLD	1313	MOON	
225	MORNING	MANHÃ	TIME	1339	MORNING	
226	MOUNTAIN	MONTANHA / MONTE / MORRO	PHYSICAL_WORLD	639	MOUNTAIN	
227	MOSQUITO	PERNILONGO / MURIÇOCA / CARAPANÃ	ANIMALS	1509	MOSQUITO	473
228	MOTHER	MOTHER	KINSHIP	1216	MOTHER	
229	MOTHER-IN-LAW (of man)	SOGRA (DE HOMEM)	KINSHIP	2257	MOTHER-IN-LAW (OF MAN)	
230	MOTHER-IN-LAW (of woman)	SOGRA (DE MULHER)	KINSHIP	2256	MOTHER-IN-LAW (OF WOMAN)	
231	MOLD	MOFO	PHYSICAL_WORLD	3251	MOLD (GET ROTTEN)	
232	MOUSTACHE	BIGODE	BODY	1165	MOUSTACHE	
233	MOUTH	BOCA	BODY	674	MOUTH	
234	NAIL / CLAW	UNHA / GARRA	BODY	2128	CLAW OR NAIL	
235	NAME	NOME	SPEECH_AND_LANGUAGE	1405	NAME	
236	NECK	PESCOÇO	BODY	1333	NECK	
237	NEST	NINHO	ANIMALS	539	NEST	
238	NEW	NOVO	TIME	1231	NEW	
239	NIGHT	NOITE	TIME	1233	NIGHT	
240	NOSE	NARIZ	BODY	1221	NOSE	
241	NOW	AGORA	TIME	1376	NOW	
242	OAR	REMO	MOTION	3137	OAR	
243	OLD (adj)	VELHO	TIME	1229	OLD	
244	ONE	UM	QUANTITY	1493	ONE	
245	OPEN	ABRIR	SPATIAL_RELATIONS	1156	OPEN	
246	OPOSSUM / SKUNK	GAMBÁ	ANIMALS	309	OPOSSUM	328504
247	OTHER	OUTRO / ALGUM	MISCELLANEOUS_FUNCTION_WORDS	197	OTHER	
248	OWL	CORUJA	ANIMALS	735	OWL	696
249	PACA	PACA	ANIMALS	316	PACA	326582
250	PACU FISH	PACU	ANIMALS			215393
251	PAIN	DOR / MACHUCADO	EMOTIONS_AND_VALUES	1783	PAIN	
252	PAN	PANELA	FOOD_AND_DRINK	31	PAN	
253	PAPAYA	MAMÃO	AGRICULTURE_AND_VEGETATION	2445	PAPAYA	585682
254	PARROT	PAPAGAIO	ANIMALS	882	PARROT	1591
255	PATH / WAY	CAMINHO	MOTION	2252	PATH	
256	PEACH PALM	PUPUNHA	AGRICULTURE_AND_VEGETATION			1130861
257	PEANUT	AMENDOIM	AGRICULTURE_AND_VEGETATION	2364	PEANUT	641309
258	PECCARY (collared)	PORCO DO MATO / CAITITU / CAITETU	ANIMALS	435	COLLARED PECCARY	1037712
259	PECCARY (white-lipped)	QUEIXADA	ANIMALS	436	WHITE-LIPPED PECCARY	357663
260	PENIS	PÊNIS	BODY	1222	PENIS	
261	PEPPER	PIMENTA	FOOD_AND_DRINK	1385	PEPPER	
262	PERSON / HB / SOMEONE	PESSOA / SERHUMANO / ALGUÉM	KINSHIP	683	PERSON	
263	PESTLE	PILÃO	FOOD_AND_DRINK	225	PESTLE	
264	PESTLE (verb)	PILAR	BASIC_ACTIONS_AND_TECHNOLOGY			
265	PIERCE	FURAR / ESPETAR	BASIC_ACTIONS_AND_TECHNOLOGY	398	PIERCE	
266	PINEAPPLE	ABACAXI	FOOD_AND_DRINK	2440	PINEAPPLE	1126520
267	PIRANHA	PIRANHA	ANIMALS	317	PIRANHA	
268	PLAY	BRINCAR	EMOTIONS_AND_VALUES	1413	PLAY	
269	PLAY (2) (CAUSE TO JUMP)	BRINCAR (2)	EMOTIONS_AND_VALUES			
270	PORRIDGE	MINGAU	FOOD_AND_DRINK			
271	PUMPKIN	ABÓBORA / MORANGA / JERIMUN	FOOD_AND_DRINK	864	PUMPKIN	
272	PUT	PÔR / COLOCAR	SPATIAL_RELATIONS	998	PUT	
273	RAIN	CHUVA	PHYSICAL_WORLD	658	RAIN (PRECIPITATION)	
274	RAT	RATO	ANIMALS	1490	RAT	
275	RAW	CRU	FOOD_AND_DRINK	1959	RAW	
276	RED	VERMELHO	SENSE_PERCEPTION	156	RED	
277	REMEMBER	LEMBRAR (-SE)	COGNITION	707	REMEMBER	
278	RESIN	RESINA	THE_PHYSICAL_WORLD	664	RESIN	
279	RETURN / COME BACK	VIRAR / VOLTAR	MOTION	581	COME BACK	
280	RIPE	MADURO	FOOD_AND_DRINK	178	RIPE	
281	RIVER	RIO	PHYSICAL_WORLD	666	RIVER	
282	ROAST	ASSAR	FOOD_AND_DRINK	1962	ROAST (SOMETHING)	
283	ROOT	RAÍZ	AGRICULTURE_AND_VEGETATION	670	ROOT	
284	ROPE	CORDA	BASIC_ACTIONS_AND_TECHNOLOGY	1218	ROPE	
285	ROTTEN	PODRE / APODRECIDO	FOOD_AND_DRINK	1728	ROTTEN	
286	ROUND	REDONDO	SPATIAL_RELATIONS	1395	ROUND	
287	ROW / PADDLE	REMAR	MOTION	1849	ROW	
288	RUN	CORRER	MOTION	1519	RUN	
289	SAD (NESS)	TRISTE (ZA)	EMOTIONS_AND_VALUES	699	SAD	
290	SALIVA	SALIVA	BODY	1503	SALIVA	
291	SALT	SAL	FOOD_AND_DRINK	1274	SALT	
292	SAND	AREIA	PHYSICAL_WORLD	1127	SEND	
293	SAY	DIZER	SPEECH_AND_LANGUAGE	1458	SAY	
294	SCARE	ASSUSTAR / AMEDRONTAR	EMOTIONS_AND_VALUES	252	FRIGHTEN	
295	SCORPION	ESCORPIÃO	ANIMALS	1538	SCORPION	
296	SEE	VER	SENSE_PERCEPTION	1409	SEE	
297	SEED	SEMENTE	AGRICULTURE_AND_VEGETATION	714	SEED	
298	SEEK / LOOK FOR / SEARCH	BUSCAR / PROCURAR	POSSESSION	1468	LOOK FOR	
299	SEND	ENVIAR	MOTION	1127	SEND	
300	SHADOW	SOMBRA	THE_PHYSICAL_WORLD	2275	SHADOW	
301	SHAMAN	PAJÉ	RELIGION_AND_BELIEF	394	SHAMAN (FOLK HEALER)	
302	SHARPEN	AFIAR	SENSE_PERCEPTION	251	SHARPEN (SOMETHING)	
303	SHELL / BARK	CASCA / PELE	AGRICULTURE_AND_VEGETATION	2127	BARK OR SKIN	
304	SHELL	CONCHA	ANIMALS	598	SHELL	
305	SHOOT	ATIRAR	WARFARE_AND_HUNTING	1172	SHOOT	
306	SHORT	CURTO	SPATIAL_RELATIONS	1645	SHORT	
307	SICK / ILL	DOENTE	BODY	1847	SICK	
308	SING	CANTAR	SPEECH_AND_LANGUAGE	1261	SING	
309	SISTER	IRMÃ	KINSHIP	1263	SISTER	
310	SISTER, younger of woman	IRMÃ	KINSHIP			
311	SISTER, older of woman	IRMÃ	KINSHIP			
312	SISTER, older of man	IRMÃ	KINSHIP			
313	SISTER, younger of man	IRMÃ	KINSHIP			
314	SIT (down)	SENTAR (-SE)	SPATIAL_RELATIONS	1416	SIT	
315	SKIN	PELE	BODY	763	SKIN	
316	SKY	CÉU	PHYSICAL_WORLD	1732	SKY	
317	SLEEP	DORMIR	BODY	1585	SLEEP	
318	SLOTH	BICHO PREGUIÇA	ANIMALS	2446	SLOTH	
319	SMALL	PEQUENO	SPATIAL_RELATIONS	1246	SMALL	
320	SMOKE (n)	FUMAÇA	PHYSICAL_WORLD	778	SMOKE (EXHAUST)	
321	SNAIL	CARACOL / LESMA	ANIMALS	1543	SNAIL	
322	SNAKE	COBRA	ANIMALS	730	SNAKE	
323	SNORE	RONCAR	BODY	1983	SNORE	
324	SON OF WOMAN	FILHO DE MULHER	KINSHIP	1620	SON	
325	SON OF MAN	FILHO DE HOMEN	KINSHIP	1620	SON	
326	SOUR / ACID /BITTER	AZEDO / AMARGO	SENSE_PERCEPTION	1906	SOUR	
327	SPEAK	FALAR	SPEECH_AND_LANGUAGE	1623	SPEAK	
328	SPIDER	ARANHA	ANIMALS	843	SPIDER	166
329	SPIDER MONKEY	MACACO PRETO / MACACO ARANHA / COATÁ	ANIMALS	434	SPIDER MONKEY	41555
330	SPROUT	BROTAR / GERMINAR	BASIC_ACTIONS_AND_TECHNOLOGY	2076	SPROUT (VERB)	
331	SQUIRREL	ESQUILO / CAXINGUELÊ/ QUATIMIRIM / QUATIPURU / SERELEPE	ANIMALS	1628	SQUIRREL	34612
332	STAND	ESTAR DE / EM PÉ / LEVANTAR	BODY	1442	STAND	
333	STAR	ESTRELA	PHYSICAL_WORLD	1430	STAR	
334	STAY	FICAR	SPATIAL_RELATIONS	987	REMAIN	
335	STINGRAY	ARRAIA	ANIMALS	1910	STINGRAY	46560356
336	STOMACH	ESTÔMAGO	BODY	819	STOMACH	
337	STONE	PEDRA	PHYSICAL_WORLD	857	STONE	
338	STRONG	FORTE	BODY	785	STRONG	
339	SUCK	SUGAR / CHUPAR	FOOD_AND_DRINK	1421	SUCK	
340	SUN	SOL	PHYSICAL_WORLD	1343	SUN	
341	SURUBIM	PINTADO / BAGRE	ANIMALS			356148
342	SWEAT	SUOR	BODY	125	SWEAT (SUBSTANCE)	
343	SWEEP	VARRER	BASIC_ACTIONS_AND_TECHNOLOGY	230	SWEEP	
344	SWEET	DOCE	SENSE_PERCEPTION	717	SWEET	
345	SWEET POTATO	BATAT-DOCE	FOOD_AND_DRINK	159	SWEET POTATO	580962
346	SWIM	NADAR	MOTION	1439	SWIM	
347	TAIL	RABO / CAUDA	BODY	1220	TAIL	
348	TAPIR	ANTA	ANIMALS	312	TAPIR	
349	TAYRA	IRARA	ANIMALS			328036
350	TEACH	ENSINAR	COGNITION	709	TEACH	
351	TELL / NARRATE	CONTAR	SPEECH_AND_LANGUAGE	1711	TELL	
352	TERMINATE / FINISH	ACABAR / TERMINAR	TIME	1766	FINISH	
353	TERMITE	CUPIM	ANIMALS	883	TERMITE	
354	TESTICLES	TESTÍCULOS	BODY	797	TESTICLES	
355	THAT	AQUELE / AQUILO	MISCELLANEOUS_FUNCTION_WORDS	78	THAT	
356	THICK	GROSSO	SPATIAL_RELATIONS	1244	THICK	
357	THING	COISA	POSSESSION	738	THING	
358	THIS	ESTE	MISCELLANEOUS_FUNCTION_WORDS	1214	THIS	
359	THREE	TRÊS	QUANTITY	492	THREE	
360	THORN	ESPINHO	AGRICULTURE_AND_VEGETATION	124	THORN	
361	THUNDER	TROVÃO	PHYSICAL_WORLD	1150	THUNDER	
362	THROAT	GARGANTA	BODY	1346	THROAT	
363	THROW	JOGAR /LANÇAR	MOTION	1456	THROW	
364	TICK	CARRAPATO	ANIMALS	1527	TICK	
365	TIE	ATAR / AMARRAR	BASIC_ACTIONS_AND_TECHNOLOGY	1917	TIE	
366	TIMBO LIANA	TIMBÓ	AGRICULTURE_AND_VEGETATION	2388	LIANA	
367	TINAMOU	INHAMBU / NAMBU / PERDIZ / XORORÓ	ANIMALS			8669
368	TIRED	CANSADO	BODY	1757	TIRED	
369	TOBACCO	FUMO / TABACO	AGRICULTURE_AND_VEGETATION	974	TOBACCO	38459
370	TODAY	HOJE	TIME	1283	TODAY	
371	TOMORROW	AMANHÃ	TIME	1329	TOMORROW	
372	TONGUE	LÍNGUA	BODY	1205	TONGUE	
373	TOOTH	DENTE	BODY	1380	TOOTH	
374	TOUCAN	TUCANO	ANIMALS	308	TOUCAN	1593
375	TRAHIRA FISH	TRAÍRA	ANIMALS			6903
376	TREE	ÁRVORE	AGRICULTURE_AND_VEGETATION	906	TREE	
377	TUCUMA_PALM	TUCUMÃ	AGRICULTURE_AND_VEGETATION	2439	TUCUMA PALM	29370
378	TURTLE	TARTARUGA / JABOTI / JABUTI	ANIMALS	112	TURTLE	794307
379	TWO	DOIS / DUAS	QUANTITY	1498	TWO	
380	UGLY	FEIO	EMOTIONS_AND_VALUES	1548	UGLY	
381	UNCLE (MoBr)	TIO (MATERNO)	KINSHIP	2692	MATERNAL UNCLE (MOTHER'S BROTHER)	
382	UNTIE	DESATAR / DESAMARRAR / SOLTAR	BASIC_ACTIONS_AND_TECHNOLOGY	352	UNTIE	
383	URINATE	URINAR	BODY			
384	VEIN	VEIA	BODY	1924	VEIN	
385	VILLAGE	ALDEIA	SOCIAL_AND_POLITICAL_RELATIONS	930	VILLAGE	
386	VILLAGE SQUARE	PÁTIO /PRAÇA	SOCIAL_AND_POLITICAL_RELATIONS			
387	VOMIT	VOMITAR	BODY	1278	VOMIT	
388	VULTURE	URUBÚ	ANIMALS	1185	VULTURE	2922049
389	WAKE UP	ACORDAR	THE_BODY	1602	WAKE UP	
390	WALK	ANDAR / CAMINHAR	MOTION	1443	WALK	
391	WANT	QUERER	EMOTIONS_AND_VALUES	1784	WANT	
392	WASH	LAVAR	BASIC_ACTIONS_AND_TECHNOLOGY	1453	WASH	
393	WASP	VESPA	ANIMALS	1517	WASP	
394	WATER	ÁGUA	PHYSICAL_WORLD	948	WATER	
395	WATERFALL	CACHOEIRA	PHYSICAL_WORLD	943	WATERFALL	
396	WAX	CERA	ANIMALS			
397	WE (EXCL)	NÓS	KINSHIP	1130	WE (EXCLUSIVE)	
398	WE (INCL)	NÓS	KINSHIP	1131	WE (INCLUSIVE)	
399	WEAVE	TECER	BASIC_ACTIONS_AND_TECHNOLOGY	133	WEAVE	
400	WET	MOLHADO	SENSE_PERCEPTION	1726	WET	
401	WHAT	OQUÊ	MISCELLANEOUS_FUNCTION_WORDS	1236	WHAT	
402	WHITE	BRANCO	SENSE_PERCEPTION	1335	WHITE	
403	WHO	QUEM	MISCELLANEOUS_FUNCTION_WORDS	1235	WHO	
404	WIFE	ESPOSA	KINSHIP	1199	WIFE	
405	WILD CAT	GATO DO MATO	ANIMALS	2241	WILD CAT	311661
406	WILD DOG	CACHORRO DO MATO	ANIMALS	2448	WILD DOG	328685
407	WIND	VENTO	PHYSICAL_WORLD	960	WIND	
408	WING	ASA	BODY	1257	WING	
409	WOODPECKER	PICA-PAU	ANIMALS	2447	WOODPECKER	1595
410	WOMAN	MULHER	KINSHIP	962	WOMAN	
411	WORM (EARTH)	VERME / MINHOCA	ANIMALS	2350	EARTHWORM	
412	WOUND	FERIDA	THE_BODY	1109	WOUND	
413	YELLOW	AMARELO	SENSE_PERCEPTION	1424	YELLOW	
414	YESTERDAY	ONTEM	FUNCTION_WORD	1174	YESTERDAY	
415	YOU (sg)	VOCÊ / TU	KINSHIP	1213	YOU	
416	YOU (pl)	VOCÊS / VÓS	KINSHIP	1213	YOU	
417	NECKLACE	COLAR	CLOTHING_AND_GROOMING	1961	NECKLACE	
418	RED MACAW	ARARA	ANIMALS	1630	MACAW	45511630
419	HARPY EAGLE	GAVIÃO-REAL / HARPIA	ANIMALS			45511531
420	EARRING	BRINCO	CLOTHING_AND_GROOMING	770	EARRING	
421	SHRIMP	CAMARÃO	ANIMALS	2349	SHRIMP	
422	BABY CARRIER	TIPÓIA				
423	ENEMY	INIMIGO	SOCIAL_AND_POLITICAL_RELATIONS	1358	ENEMY	
